dt_trading,2011-11-01,2011-11-02,2011-11-03,2011-11-04,2011-11-07,2011-11-08,2011-11-09,2011-11-10,2011-11-11,2011-11-14,2011-11-15,2011-11-16,2011-11-17,2011-11-18,2011-11-21,2011-11-22,2011-11-23,2011-11-24,2011-11-25,2011-11-28,2011-11-29,2011-11-30,2011-12-01,2011-12-02,2011-12-05,2011-12-06,2011-12-07,2011-12-08,2011-12-09,2011-12-12,2011-12-13,2011-12-14,2011-12-15,2011-12-16,2011-12-19,2011-12-20,2011-12-21,2011-12-22,2011-12-23,2011-12-28,2011-12-29,2011-12-30,2012-01-03,2012-01-04,2012-01-05,2012-01-06,2012-01-09,2012-01-10,2012-01-11,2012-01-12,2012-01-13,2012-01-16,2012-01-17,2012-01-18,2012-01-19,2012-01-20,2012-01-23,2012-01-24,2012-01-25,2012-01-26,2012-01-27,2012-01-30,2012-01-31,2012-02-01,2012-02-02,2012-02-03,2012-02-06,2012-02-07,2012-02-08,2012-02-09,2012-02-10,2012-02-13,2012-02-14,2012-02-15,2012-02-16,2012-02-17,2012-02-20,2012-02-21,2012-02-22,2012-02-23,2012-02-24,2012-02-27,2012-02-28
2011-11-01,,,,,,,,,,,,,,,,,,,,,,,,,,,,,,,,,,,,,,,,,,,,,,,,,,,,,,,,,,,,,,,,,,,,,,,,,,,,,,,,,,,
2011-11-02,23.65,,,,,,,,,,,,,,,,,,,,,,,,,,,,,,,,,,,,,,,,,,,,,,,,,,,,,,,,,,,,,,,,,,,,,,,,,,,,,,,,,,
2011-11-03,23.7303122399721,21.7,,,,,,,,,,,,,,,,,,,,,,,,,,,,,,,,,,,,,,,,,,,,,,,,,,,,,,,,,,,,,,,,,,,,,,,,,,,,,,,,,
2011-11-04,23.810348483306537,21.84544987541684,23.0,,,,,,,,,,,,,,,,,,,,,,,,,,,,,,,,,,,,,,,,,,,,,,,,,,,,,,,,,,,,,,,,,,,,,,,,,,,,,,,,
2011-11-07,24.04625797068161,22.276984600662264,23.30174255906953,23.1,,,,,,,,,,,,,,,,,,,,,,,,,,,,,,,,,,,,,,,,,,,,,,,,,,,,,,,,,,,,,,,,,,,,,,,,,,,,,,,
2011-11-08,24.12272893605845,22.41775454198235,23.40046301122676,23.209798537582934,24.4,,,,,,,,,,,,,,,,,,,,,,,,,,,,,,,,,,,,,,,,,,,,,,,,,,,,,,,,,,,,,,,,,,,,,,,,,,,,,,
2011-11-09,24.197774916220688,22.55632427253136,23.497662490905697,23.319026781270743,24.489418322995956,23.9,,,,,,,,,,,,,,,,,,,,,,,,,,,,,,,,,,,,,,,,,,,,,,,,,,,,,,,,,,,,,,,,,,,,,,,,,,,,,
2011-11-10,24.27121498202133,22.692339355058234,23.593026697752627,23.427148055097387,24.57831607279944,23.994138453030967,24.0,,,,,,,,,,,,,,,,,,,,,,,,,,,,,,,,,,,,,,,,,,,,,,,,,,,,,,,,,,,,,,,,,,,,,,,,,,,,
2011-11-11,24.342884472884947,22.82547415170063,23.686268071622468,23.533667210125216,24.666205005814852,24.087695535133676,24.071879991295795,22.9,,,,,,,,,,,,,,,,,,,,,,,,,,,,,,,,,,,,,,,,,,,,,,,,,,,,,,,,,,,,,,,,,,,,,,,,,,,
2011-11-14,24.54586691867242,23.20477243852818,23.950780697047584,23.839271134032103,24.919531356738332,24.359665219080764,24.28232296711344,23.280165702028405,23.5,,,,,,,,,,,,,,,,,,,,,,,,,,,,,,,,,,,,,,,,,,,,,,,,,,,,,,,,,,,,,,,,,,,,,,,,,,
2011-11-15,24.609132875464464,23.32370570078348,24.03318994173026,23.935244539145177,24.99929312609288,24.445910232655862,24.349218608788895,23.402993755438008,23.59157052515463,24.4,,,,,,,,,,,,,,,,,,,,,,,,,,,,,,,,,,,,,,,,,,,,,,,,,,,,,,,,,,,,,,,,,,,,,,,,,
2011-11-16,24.670048983015498,23.438562478673276,24.112439655839488,24.027750741763914,25.07619578129078,24.529306419342593,24.4138420794171,23.522684305320364,23.682232548634836,24.421697607425045,24.5,,,,,,,,,,,,,,,,,,,,,,,,,,,,,,,,,,,,,,,,,,,,,,,,,,,,,,,,,,,,,,,,,,,,,,,,
2011-11-17,24.72854819217936,23.549189930667513,24.188402720481818,24.116538857347738,25.14998665338978,24.60953542360534,24.47587360692926,23.638632002642453,23.77115102159646,24.442960172492057,24.520319990134006,24.35,,,,,,,,,,,,,,,,,,,,,,,,,,,,,,,,,,,,,,,,,,,,,,,,,,,,,,,,,,,,,,,,,,,,,,,
2011-11-18,24.78457972238145,23.655464014624837,24.260978756972424,24.201398712088935,25.220452203624752,24.686323874091983,24.53503870291017,23.750304064874996,23.857581379081996,24.46339576492453,24.5402397275075,24.387995292681108,24.0,,,,,,,,,,,,,,,,,,,,,,,,,,,,,,,,,,,,,,,,,,,,,,,,,,,,,,,,,,,,,,,,,,,,,,
2011-11-21,24.937604462044234,23.947357627692533,24.457782013814608,24.430917634172264,25.410348488151378,24.89398695212646,24.693269772317546,24.05542711329812,24.095826836074608,24.516611346053583,24.594255011627165,24.495791358885953,24.144448199260836,24.0,,,,,,,,,,,,,,,,,,,,,,,,,,,,,,,,,,,,,,,,,,,,,,,,,,,,,,,,,,,,,,,,,,,,,
2011-11-22,24.983582842084125,24.03555380586299,24.516340955022088,24.498776922122673,25.46615996682186,24.955179157657284,24.739129931093625,24.146120139953847,24.166630718037535,24.53086910752772,24.609479731626088,24.527977316689903,24.188868600909547,24.04135526851261,24.6,,,,,,,,,,,,,,,,,,,,,,,,,,,,,,,,,,,,,,,,,,,,,,,,,,,,,,,,,,,,,,,,,,,,
2011-11-23,25.027083668862424,24.119208396120488,24.571412077782778,24.56226774118455,25.518165382459877,25.01223871540374,24.781430471066564,24.230962116429307,24.232552386704445,24.5431243460982,24.623004481602024,24.55765169447158,24.230405120448324,24.081610967752617,24.58280393665454,24.55,,,,,,,,,,,,,,,,,,,,,,,,,,,,,,,,,,,,,,,,,,,,,,,,,,,,,,,,,,,,,,,,,,,
2011-11-24,25.068153773233824,24.19837015265597,24.62305544466349,24.621424181947248,25.56638597736316,25.065162159114642,24.820168605742808,24.3098556592175,24.293378767904887,24.55329760367574,24.634717241964175,24.584552518632652,24.268615877142924,24.119817093742743,24.565696123877984,24.523594651457604,24.1,,,,,,,,,,,,,,,,,,,,,,,,,,,,,,,,,,,,,,,,,,,,,,,,,,,,,,,,,,,,,,,,,,
2011-11-25,25.10685625462453,24.273116629049074,24.671357858439645,24.676321045732973,25.610882124006615,25.11399100672229,24.85538683228241,24.382775951315153,24.348985369266245,24.56136130615931,24.644555226462217,24.608498585665252,24.303171981234975,24.155206305997716,24.548766751743575,24.49754236565753,24.12124506073677,24.05,,,,,,,,,,,,,,,,,,,,,,,,,,,,,,,,,,,,,,,,,,,,,,,,,,,,,,,,,,,,,,,,,
2011-11-28,25.20963298374808,24.472071904001325,24.797488512024103,24.816812849443018,25.723214551784178,25.236999915001075,24.941026289485944,24.56653765098783,24.48457029755729,24.57339760185835,24.662931162375468,24.66200776027067,24.38331834495027,24.23947125369902,24.499984869543287,24.42443481633578,24.17632979602218,24.035168411842847,24.05,,,,,,,,,,,,,,,,,,,,,,,,,,,,,,,,,,,,,,,,,,,,,,,,,,,,,,,,,,,,,,,,
2011-11-29,25.2398213389093,24.530508783395675,24.83382994530841,24.856233633199803,25.754199233680218,25.27076524118851,24.963495528151597,24.61676810036486,24.519824491792996,24.573785022719182,24.66562684772321,24.673938165520216,24.402226760565952,24.259482337094106,24.48471567320767,24.40250193109395,24.189963647022672,24.029909363188,24.012215189741507,23.7,,,,,,,,,,,,,,,,,,,,,,,,,,,,,,,,,,,,,,,,,,,,,,,,,,,,,,,,,,,,,,,
2011-11-30,25.268201596794192,24.585350141376594,24.867665542494386,24.892379507583325,25.782348282348106,25.301318323686537,24.98333659928496,24.661989711590717,24.550565171294156,24.572703277803594,24.666872326062276,24.68321934745911,24.4175309394254,24.27551200252781,24.47010894700947,24.382053050492452,24.20085977002007,24.024497443202197,23.97778481025849,23.609474427247306,23.25,,,,,,,,,,,,,,,,,,,,,,,,,,,,,,,,,,,,,,,,,,,,,,,,,,,,,,,,,,,,,,
2011-12-01,25.294934468258266,24.636846327855988,24.899242547609116,24.92556953831287,25.807956851325596,25.32897058552838,25.000863701967734,24.70261306668441,24.577199334475225,24.570436096939662,24.666900211185148,24.690154723122323,24.429579937625487,24.287861788794945,24.456267990575853,24.363181242828638,24.20912084014038,24.01899845041703,23.948330360853735,23.61644227071381,23.267822420227432,22.55,,,,,,,,,,,,,,,,,,,,,,,,,,,,,,,,,,,,,,,,,,,,,,,,,,,,,,,,,,,,,
2011-12-02,25.320193826440455,24.68527139330306,24.928829929908662,24.956156234708786,25.831352297772902,25.354070735214595,25.01642845931755,24.73910966556044,24.600208820682546,24.5673104398571,24.66598444550694,24.695116216903195,24.43881925050231,24.296987141252224,24.443297039218557,24.345939827363512,24.215040028633787,24.013514455907664,23.92383725362787,23.623410097361273,23.285608321010493,22.596251519867312,22.25,,,,,,,,,,,,,,,,,,,,,,,,,,,,,,,,,,,,,,,,,,,,,,,,,,,,,,,,,,,,
2011-12-05,25.38877820812703,24.814741491846036,25.008203296988672,25.03564585380481,25.891370672292506,25.417386439427716,25.054692387429036,24.828378708066655,24.652141871612393,24.555888788829947,24.66019187815198,24.70174979731539,24.454019139019874,24.309573496752957,24.41054448459564,24.30437345125925,24.221876408530896,23.99817067331176,23.87612281960639,23.644311592644808,23.33840494793637,22.73385928950681,22.366403779987408,22.0,,,,,,,,,,,,,,,,,,,,,,,,,,,,,,,,,,,,,,,,,,,,,,,,,,,,,,,,,,,
2011-12-06,25.409745984520846,24.853440229221164,25.03231077022687,25.05907594588188,25.908937351353476,25.435516423136473,25.06565652163111,24.852793765811057,24.665183102640203,24.55233863922348,24.65803827220136,24.702304843571643,24.456238229816435,24.31023167288831,24.401953563365296,24.29400201695687,24.221468462085483,23.993731120093983,23.867614814861383,23.651276843933026,23.355711609685354,22.778991653111394,22.4047236702169,22.053715582689513,22.85,,,,,,,,,,,,,,,,,,,,,,,,,,,,,,,,,,,,,,,,,,,,,,,,,,,,,,,,,,
2011-12-07,25.42999760434363,24.890285148850943,25.055599206236156,25.081440675365467,25.925718012916256,25.452626331200136,25.076190309180635,24.87518433363344,24.676747153022816,24.549340765772534,24.65613208130647,24.702531179022085,24.457640638604772,24.309761892675848,24.39464278349473,24.285406723135843,24.220157225617736,23.989766636103187,23.862245091824818,23.658240200022185,23.372823937133997,22.823593061015586,22.442646373789152,22.107247976455298,22.855904121754758,22.55,,,,,,,,,,,,,,,,,,,,,,,,,,,,,,,,,,,,,,,,,,,,,,,,,,,,,,,,,
2011-12-08,25.449658626175665,24.925483325586413,25.07826216656958,25.10299436299365,25.941948140701815,25.46897132428611,25.086545757352333,24.895906108997096,24.687194672570726,24.547122071223473,24.654666151651224,24.702699793099747,24.45855732680212,24.308515186439482,24.388670407281037,24.278599103443774,24.218184698312548,23.98635058762222,23.859698951376494,23.66520091063319,23.38971561408325,22.867574858449622,22.4800864019917,22.160422768247496,22.86174730899422,22.5652659301719,23.2,,,,,,,,,,,,,,,,,,,,,,,,,,,,,,,,,,,,,,,,,,,,,,,,,,,,,,,,
2011-12-09,25.468846040112194,24.959229818849597,25.100479805549465,25.123973732176328,25.957846725421902,25.484789650225643,25.096956915231413,24.915293459024785,24.69686365936973,24.545891229838517,24.653818377486733,24.703062589739087,24.459297061831947,24.306820332118537,24.384086801404205,24.27358472931392,24.215778180204786,23.983550232294498,23.859675943618473,23.67215810061926,23.40636207114289,22.91085429115569,22.516963867426977,22.213076394573342,22.8674728516949,22.580434435129646,23.19699040995887,23.1,,,,,,,,,,,,,,,,,,,,,,,,,,,,,,,,,,,,,,,,,,,,,,,,,,,,,,,
2011-12-12,25.524608008225062,25.053529560590544,25.166061229129657,25.18556920322718,26.0054957331689,25.531213410935674,25.130595765122262,24.968472673211707,24.724239628260847,24.54993914002879,24.656538651456703,24.707548831893508,24.463209312244572,24.30200087427294,24.379053838338866,24.269267361415288,24.20800719416426,23.979424272074127,23.87195495584063,23.692997922344457,23.454610631214408,23.03573936600701,22.623506032877042,22.3664343614432,22.88345423735524,22.624480874490853,23.18766452688688,23.161571903073924,23.5,,,,,,,,,,,,,,,,,,,,,,,,,,,,,,,,,,,,,,,,,,,,,,,,,,,,,,
2011-12-13,25.542899521830567,25.08317960560465,25.188030981303402,25.20626658616268,26.02192819256067,25.546969289878756,25.14321108889261,24.98543938631253,24.73372143042829,24.554381884240136,24.659643403110096,24.710825688153093,24.46588502896381,24.30135615931549,24.380371068268094,24.271362439580262,24.205843730194264,23.979637093005685,23.879304964309505,23.69992978100893,23.47006545099006,23.075499807461817,22.657446399565593,22.415580645133492,22.888245367004046,22.63842282364131,23.18437535221491,23.181536602568777,23.527122197992966,23.4,,,,,,,,,,,,,,,,,,,,,,,,,,,,,,,,,,,,,,,,,,,,,,,,,,,,,
2011-12-14,25.56117385074075,25.11217303282145,25.21025507527385,25.227309307779098,26.03887666730774,25.563136048289284,25.156782994953645,25.002423554583235,24.74377491440541,24.56058242566492,24.66403150251762,24.715269964168325,24.46959471972648,24.30157340020147,24.38321046767813,24.27518918725876,24.204162288345586,23.980710265716628,23.887889594312803,23.706851870299065,23.48517840605751,23.114232620578647,22.690508786222544,22.463547661511786,22.892712474977937,22.651886433555628,23.18096450692082,23.20104877121292,23.554066913288747,23.40787549316965,23.5,,,,,,,,,,,,,,,,,,,,,,,,,,,,,,,,,,,,,,,,,,,,,,,,,,,,
2011-12-15,25.579496574140467,25.140632809088913,25.232833221978808,25.24882850751711,26.05646119006667,25.579850456981557,25.171437783253467,25.01963156310339,24.754602167929825,24.568640067660617,24.66979113233354,24.721019050882337,24.47451398799351,24.302847860562753,24.387575029546547,24.28071740259804,24.203101973752926,23.982674396013973,23.897493891286125,23.713762565861895,23.499935407879555,23.15189045417132,22.72264691333974,22.510235733332582,22.89682961003703,22.6648179671722,23.177418741271403,23.22001929636731,23.58066844314066,23.415643294621443,23.520971377148896,23.65,,,,,,,,,,,,,,,,,,,,,,,,,,,,,,,,,,,,,,,,,,,,,,,,,,,
2011-12-16,25.597924702729486,25.168669885826002,25.255851725125304,25.270937727489205,26.074785300484823,25.597232373933746,25.18728379555068,25.03724846661205,24.766382627014487,24.57863588510061,24.676995523279277,24.728191253739677,24.48079624323206,24.305352551646624,24.393459851233843,24.287910921531036,24.202787192400933,23.98555398106535,23.90791714988731,23.720660118476758,23.514324114727806,23.188431857565575,22.7538201027239,22.5555558310583,22.900575929003885,22.67717115895546,23.17372853123061,23.238368802323475,23.606775618868117,23.423204891791013,23.541738290136255,23.637662146211518,22.85,,,,,,,,,,,,,,,,,,,,,,,,,,,,,,,,,,,,,,,,,,,,,,,,,,
2011-12-19,25.65428309935425,25.251174201609405,25.32821130182314,25.34167697001177,26.134983159030075,25.65432806158897,25.24278322116988,25.09408313935152,24.80889782188892,24.620789711558242,24.707785291117684,24.759143331139,24.50902211554203,24.32164433593805,24.420068414557942,24.31903222600651,24.207339620385262,23.999838806828805,23.94230738037041,23.74125455341144,23.555183250278578,23.291031487494468,22.841227282269053,22.68257769990719,22.909458178513386,22.71041010084063,23.161751879856403,23.289043501876115,23.680832967655398,23.44383583044794,23.601030030570197,23.60086538234926,22.94452890426877,23.25,,,,,,,,,,,,,,,,,,,,,,,,,,,,,,,,,,,,,,,,,,,,,,,,,
2011-12-20,25.673531585997033,25.278389685834345,25.353586123191135,25.366929745480977,26.156971156374595,25.67524033463923,25.264118383252303,25.11475956339402,24.82583242885009,24.638984409826694,24.72120199514091,24.77280934304417,24.52184653346308,24.330355014693655,24.431827336784327,24.33240607435691,24.21095704884207,24.006503009784453,23.954284416506674,23.748079544673843,23.5680102961246,23.322810673591352,22.868245965086434,22.721748560034232,22.91161496258588,22.720136700456173,23.157463165832215,23.30430991256573,23.70373588428912,23.44981133861975,23.61929582157981,23.588752322562705,22.97454873234401,23.239358084680035,22.9,,,,,,,,,,,,,,,,,,,,,,,,,,,,,,,,,,,,,,,,,,,,,,,,
2011-12-21,25.693042004052074,25.30555699618854,25.37963171107458,25.393076291823665,26.17996904447709,25.697165713297842,25.28691710528236,25.136450201012288,24.844277645565807,24.659249230644452,24.736205334909005,24.788203715837135,24.53646807578508,24.340827194639644,24.44496357137602,24.34717497275063,24.215721553212454,24.014113523741212,23.96629062589388,23.754880773869516,23.580433540487476,23.353354683797654,22.894180338927953,22.759266013996445,22.91337333561566,22.729165703451432,23.153038272693372,23.31870447947314,23.72560223655287,23.45525536186447,23.636614042024775,23.57675988530661,23.00338871634725,23.228770266580295,22.897647805831284,23.3,,,,,,,,,,,,,,,,,,,,,,,,,,,,,,,,,,,,,,,,,,,,,,,
2011-12-22,25.71281995330877,25.332714991516887,25.40635392579598,25.420124567183095,26.203981404929706,25.72012257852602,25.31117997988156,25.159212124902187,24.86427699770085,24.681555877980166,24.752778829546553,24.805330241971113,24.552906988012644,24.35310037271585,24.459424841991094,24.363266983834595,24.22166934458091,24.02265819403028,23.978210798523428,23.7616557425716,23.59245112249183,23.38265747051075,22.919023333489733,22.795104918503522,22.914743102799974,22.737495673447196,23.14849003058663,23.33220624847322,23.74636630902901,23.460136057226872,23.652895017596233,23.564917204332477,23.0308407449366,23.218288864192797,22.895271920338534,23.290046214898645,21.9,,,,,,,,,,,,,,,,,,,,,,,,,,,,,,,,,,,,,,,,,,,,,,
2011-12-23,25.732862465071452,25.359890515235275,25.43374522044711,25.448064932374354,26.228996326315396,25.74411239844884,25.33688964148189,25.183081077419033,24.8858513591953,24.705857827318344,24.770891046245318,24.824173628400757,24.571161321656618,24.36719179347752,24.475150976670527,24.38060420804139,24.22882193488191,24.03211875734348,23.989943973608945,23.76840182748556,23.60406292807114,23.410718886639962,22.942773479782815,22.829250777973044,22.915739177398514,22.745132645590278,23.143834995355853,23.344804002371454,23.765976628510394,23.46443265280964,23.668068694844933,23.553255092514092,23.056731890965025,23.20796399545767,22.892853606699305,23.28020765029519,22.035828586062912,20.9,,,,,,,,,,,,,,,,,,,,,,,,,,,,,,,,,,,,,,,,,,,,,
2011-12-28,25.836339763171857,25.49612949920324,25.57953524470802,25.599578921361594,26.36753793699902,25.87842330432897,25.485274886353878,25.318789128007026,25.016493274233337,24.85439275211563,24.882386177072746,24.94227222349818,24.688042534439507,24.46396843008112,24.57009589927324,24.482824686054897,24.282380847579347,24.09209314872662,24.043268703911394,23.801598439185845,23.656153593881765,23.532813296189545,23.045472164646796,22.974822393924505,22.915993690065118,22.77365677547839,23.11979817567677,23.394521528665116,23.845917323480148,23.477202091676798,23.72624919569637,23.498849059903367,23.159184826186888,23.16028968838067,22.879888919751696,23.23594148033873,22.63396007482405,22.189297792572138,19.95,,,,,,,,,,,,,,,,,,,,,,,,,,,,,,,,,,,,,,,,,,,,
2011-12-29,25.857427472197873,25.52330104097098,25.610031728942545,25.631683952281136,26.397394475709813,25.907694564221302,25.51829493441982,25.348856342677813,25.04668754804329,24.888668703532517,24.908233328928674,24.970026829830516,24.71590561465944,24.488085309079473,24.59170545264386,24.505663414080253,24.29639082969779,24.1063234569061,24.052557673665497,23.808109139594716,23.665426166808366,23.553753828579662,23.06294804619372,22.999101847579364,22.91534683909959,22.777680904047894,23.11505869346281,23.402004898978344,23.858321751430346,23.478177857981258,23.734406728712674,23.489011464218812,23.17404952167389,23.151834821429315,22.877156766989916,23.228531768110003,22.72660740354302,22.392624735904135,20.743835288224567,20.7,,,,,,,,,,,,,,,,,,,,,,,,,,,,,,,,,,,,,,,,,,,
2011-12-30,25.878519045278424,25.550341583027695,25.64076906228811,25.664120873548406,26.427708391176694,25.937535496271384,25.552137381204357,25.379683532928,25.07796870050186,24.924103887788025,24.934980519069544,24.998856851181547,24.74494904504654,24.513518075881866,24.613937589087815,24.529035116255177,24.31134461808925,24.121170773049144,24.061351898594218,23.81456909685818,23.67434107549156,23.57361717508539,23.079477633366352,23.02188492294046,22.914573714114656,22.781263483522064,23.11043262855172,23.40877836788369,23.869610895829464,23.478734110846442,23.741515973330646,23.47961714323136,23.187128002026654,23.143826475274647,22.874417594459675,23.221695765982616,22.808532231150274,22.572266029727967,21.48108295377031,21.303668498531987,20.4,,,,,,,,,,,,,,,,,,,,,,,,,,,,,,,,,,,,,,,,,,
2012-01-03,25.96138291430486,25.655650069460144,25.763656439475966,25.793951296160614,26.550446978105676,26.059698155894814,25.692276448993105,25.50761222757586,25.210456728999333,25.073353816529455,25.04775530424415,25.12132281526769,24.869046416664816,24.624899242098703,24.706525747197702,24.625266946248185,24.378481270531225,24.185307037184455,24.092034392091357,23.8398276709519,23.70672424794569,23.643317099230128,23.13707350764916,23.099607547915962,22.911397646643355,22.792589789617743,23.09403504876315,23.430233503260865,23.905053177904225,23.478263888191094,23.761467685967233,23.447374418883776,23.22422045838924,23.11687927428806,22.864041900834817,23.20018886263439,23.03553512868682,23.06420291860371,23.440715980051653,22.948464789070314,21.689167474865037,20.000000000000018,,,,,,,,,,,,,,,,,,,,,,,,,,,,,,,,,,,,,,,,,
2012-01-04,25.981307024609336,25.680827509548408,25.793694028467282,25.82555594850898,26.580668561308727,26.090146737538863,25.727569992019703,25.539912188914748,25.24444702663747,25.11145562201155,25.07653744777816,25.152749595321474,24.900994067818196,24.654185439514574,24.729923827798242,24.649353853348497,24.39650138754085,24.202146326378188,24.098765984204466,23.84597867025297,23.714083283088613,23.658582177295315,23.14960036006155,23.116119741040734,22.910890131579237,22.79504727337019,23.090711867246622,23.434590072537542,23.911909119495558,23.47788972277275,23.76491886255922,23.440867039361358,23.23051254983171,23.111547460501534,22.86177926552381,23.196224036404246,23.07083256259005,23.138757731863674,23.70158799974437,23.16192080281605,21.718179670491395,10.818055065933383,20.95,,,,,,,,,,,,,,,,,,,,,,,,,,,,,,,,,,,,,,,,
2012-01-05,26.00075872007303,25.70537941197556,25.82320489097715,25.856491328634576,26.61039092203889,26.12025741967641,25.762611785567103,25.572017445201702,25.278411085687203,25.14945983045368,25.105230280143225,25.184129467667443,24.932909292075887,24.683674701173207,24.75317247711903,24.673206497106538,24.414785626420162,24.219159424109947,24.1051955545332,23.852057569021664,23.72117928740929,23.673089612618575,23.161477628330797,23.13163114959225,22.91060832161622,22.797493727123786,23.087787770747326,23.438694498044676,23.918126637416943,23.477567808085592,23.767977458137462,23.435055727117795,23.235931476951514,23.1068208569283,22.859717711190783,23.1927977156527,23.09912428102218,23.197513187585308,23.88842609893177,23.311495359738206,21.747178690745834,3.825796179509238,20.975978455107686,21.35,,,,,,,,,,,,,,,,,,,,,,,,,,,,,,,,,,,,,,,
2012-01-06,26.019668612145,25.729231164076452,25.852074325902635,25.88661024431559,26.63947256872752,26.14989308003613,25.797239312006447,25.603780178558882,25.3121769517075,25.187177079476314,25.133685992861054,25.215293076470424,24.96460925084044,24.713195048033747,24.776157811529547,24.696713263322426,24.433227062003326,24.23627627035295,24.111355835112303,23.85806147278304,23.728026917835166,23.68688813741857,23.172751123379754,23.14621831296226,22.91059965188387,22.799989547514496,23.085299661887884,23.4426137433532,23.923780195733592,23.477365819507114,23.770742670664898,23.429969889545553,23.240621569656614,23.102715814106023,22.857886581312812,23.18989603675293,23.12114068489964,23.24212606217275,24.009477909876402,23.404458719074576,21.77615595224665,-1.206697933647063,21.00190339944204,21.371363183399147,21.2,,,,,,,,,,,,,,,,,,,,,,,,,,,,,,,,,,,,,,
2012-01-09,26.072526018808727,25.79590990842961,25.93378834495519,25.970740807090955,26.72159128941246,26.23469373547322,25.897140722543945,25.695647403563918,25.41069303064652,25.296861804672137,25.216276983172584,25.305931333055682,25.056743865732543,24.800348708228537,24.842489712944786,24.76413903339081,24.488495757398795,24.28758369900591,24.128513101073498,23.875597927726073,23.74721602822838,23.72447962979286,23.203374334396496,23.185141767196637,22.91261726425441,22.80830082654588,23.08075688435999,23.45385795065488,23.938039553631047,23.47807235580716,23.778168211726566,23.41929101183288,23.251630813164518,23.094248508489198,22.854026760099934,23.18419406677572,23.156343919520154,23.306548607544727,24.05466078501962,23.411276922667525,21.86283925779584,-6.7009377047500545,21.078848018198677,21.435036646566317,21.276214167256644,21.3,,,,,,,,,,,,,,,,,,,,,,,,,,,,,,,,,,,,,
2012-01-10,26.088671393547838,25.816308954786827,25.959080112929396,25.99631464226629,26.746872471654704,26.261211456325945,25.928658817804276,25.724711654810932,25.44211615809215,25.331735403475104,25.242472338951004,25.33472108904951,25.085960666592538,24.828441470568535,24.863409116676415,24.785275319002547,24.506590674913987,24.30446160452511,24.13387666616715,23.881277784645192,23.75320325662939,23.735879246589338,23.21264718707695,23.19672006548609,22.914082745257705,22.811496282080654,23.08029721493297,23.45761000002281,23.942098980745875,23.478915080916305,23.780616167886613,23.417310097605935,23.254673764358714,23.092733151337537,22.853354212039555,23.18324412152097,23.159898942545688,23.309654447468002,23.987402231139235,23.343688375666225,21.891600860312497,-5.9973719180989,21.104059628013573,21.455989846546164,21.30132928777855,21.320798982208277,22.5,,,,,,,,,,,,,,,,,,,,,,,,,,,,,,,,,,,,
2012-01-11,26.10400045844813,25.83570530415175,25.983258238616227,26.020480576506166,26.7709384625668,26.286683571782408,25.959079667968552,25.75280663502941,25.472608503768218,25.365523589401167,25.267816187515038,25.362586372110336,25.114202726504097,24.855831321716444,24.883590411295746,24.805604534745186,24.524378623385083,24.321127957545873,24.139099444059127,23.886871832634693,23.75900528898271,23.74677567288298,23.221512577114467,23.207698856848832,22.91598897102753,22.814966739109376,23.080394643243995,23.46143960390514,23.945904568505753,23.48013230063007,23.783164952965393,23.41613340806419,23.25757820347925,23.091876060592742,22.8530163927396,23.182743351863436,23.160332556750532,23.305773232651198,23.88986439946922,23.250732645988784,21.920265694552544,-4.333194076834574,21.128977914048207,21.47674439460433,21.326203648854015,21.341520228385267,22.49745484189939,22.0,,,,,,,,,,,,,,,,,,,,,,,,,,,,,,,,,,,
2012-01-12,26.118472799481715,25.854052550523164,26.006248537237397,26.043149227436082,26.79370096280192,26.31101897066656,25.98829259947042,25.779829462857684,25.5020489866197,25.3980963434469,25.292210582316102,25.389413254317308,25.141349093882592,24.882396642155527,24.902957562752505,24.82505381788782,24.54178086167877,24.33752669769112,24.144200103733862,23.89237864060061,23.764632739499724,23.757202464463283,23.230003217817156,23.21813149719507,22.918355548248677,22.81874205493883,23.08106071070973,23.46538489261614,23.949505900945354,23.48175816696936,23.78587305378778,23.415763035820746,23.260435929554575,23.09167556797951,22.853025680445135,23.182675434928097,23.15817592351185,23.296110397247798,23.768002461928308,23.13763708036129,21.948812340088477,-1.876826597901589,21.153560803135164,21.497264454818502,21.350783761540463,21.362089689048958,22.49491853438459,22.01794327246288,21.95,,,,,,,,,,,,,,,,,,,,,,,,,,,,,,,,,,
2012-01-13,26.13205283170788,25.87130898901047,26.02798357673542,26.06424084765611,26.815080538383548,26.334134210318233,26.016195579420625,25.80568474635345,25.53032500448923,25.429333537171544,25.31556588712723,25.415097045735305,25.16728913164552,24.908024205623036,24.92144084525979,24.843556764277714,24.558723346000445,24.3536040978587,24.149194970334076,23.89779702134585,23.770095548605823,23.767190647714862,23.2381496395573,23.228067478521403,22.921197445531813,22.8228469969876,23.082302731879157,23.46947919092727,23.952948415427606,23.48382124472895,23.788792171988984,23.416196521025473,23.263329986466562,23.09212700208702,22.85339162586256,23.183023637965242,23.153926997616914,23.281796151702892,23.62738951371122,23.009288540091188,21.977217236985194,1.213777477350856,21.177768183553454,21.517515503871646,21.375018858358636,21.382437871008612,22.49239953625178,22.03580387021436,21.98998257555089,22.05,,,,,,,,,,,,,,,,,,,,,,,,,,,,,,,,,
2012-01-16,26.167155662442468,25.91618692492186,26.085084110727163,26.117400574675624,26.87026035799691,26.395439575014905,26.091154091224787,25.875403752712835,25.607167430097658,25.513978830451727,25.378625554175613,25.484381545689907,25.236919613948007,24.978273990379243,24.970984845166416,24.892820420076074,24.606122297268822,24.399405986598094,24.163672905489086,23.913513386738742,23.785585424922164,23.794795870270562,23.260796150688602,23.255332429643193,22.932655172747978,22.83731090631274,23.089494260084628,23.482917308034544,23.96271522468327,23.492835586085903,23.799230869372312,23.42222723587906,23.272929253842424,23.097301103593615,22.856682502370326,23.186391491293865,23.133107913019217,23.221118703043096,23.14304440609062,22.576486403220557,22.061313743874237,12.86851950146616,21.24776557728207,21.576329039973984,21.445187200760223,21.441526973217016,22.48502376743106,22.088134623862953,22.107944568640942,22.097239425987155,22.15,,,,,,,,,,,,,,,,,,,,,,,,,,,,,,,,
2012-01-17,26.176907191775435,25.92875710518011,26.101258847573057,26.131579297547713,26.885491202605493,26.412993121452605,26.112969749617296,25.895784727842546,25.62982914441923,25.538870309738243,25.397094343189693,25.504630834315073,25.25713425246648,24.9991861284136,24.985361559274295,24.907003149490933,24.62057927453161,24.413707421332404,24.168360974384118,23.91857106456674,23.790475596918117,23.803289295956212,23.26782734158572,23.26369941658419,22.93745527490325,22.842880229660725,23.09302870420555,23.48784478160537,23.965893907530326,23.496821412952578,23.803375369647238,23.425760503110705,23.276623969988062,23.100253467766173,22.858514034926102,23.18822864922973,23.1248052325745,23.197996447213967,22.97551683263669,22.42918486908226,22.088873256710166,17.125927060414757,21.270109034743378,21.595185063318514,21.467588988578512,21.460384655734487,22.482648998300377,22.10493666315002,22.14600813745599,22.1126722652309,22.146747320543255,21.65,,,,,,,,,,,,,,,,,,,,,,,,,,,,,,,
2012-01-18,26.1856609239051,25.940098469761217,26.115942455819926,26.143926777328524,26.899074933232555,26.42902432309518,26.133094902168054,25.91463354021854,25.650890566437102,25.561973944940192,25.414200515903254,25.523352152261406,25.275744093488996,25.01872027697303,24.998600399448822,24.920004400061824,24.634276738930716,24.427453879702487,24.17298971829249,23.923538037640988,23.795240722839864,23.811461304163295,23.274634221344897,23.27175924578447,22.94273596906196,22.84882666799804,23.09711227176021,23.493015805492,23.96907875915835,23.501303466821984,23.807887617631817,23.430017041591512,23.28063890918095,23.103789354573014,22.860707565645825,23.190392115268967,23.116401934561747,23.17474547784206,22.811372573620645,22.285957385559364,22.116141128616768,21.384846642869256,21.291905846626804,21.613619147996197,21.48943274508164,21.478740754055195,22.480326656477185,22.121319129476746,22.183181274289183,22.127847528623626,22.14354821330267,21.640402532597005,21.2,,,,,,,,,,,,,,,,,,,,,,,,,,,,,,
2012-01-19,26.19341024841384,25.950197520438522,26.12910801973492,26.15442107646545,26.910985308123387,26.443495748377764,26.15147936005028,25.931899734414657,25.670289967379908,25.58322895099294,25.42990429801904,25.54049623750808,25.292700386945874,25.03681356931891,25.010669489483337,24.931796519104992,24.64716883070406,24.440605634255864,24.17756139930663,23.928414582145372,23.799886700396723,23.819327744847236,23.281234222723672,23.279538225759115,22.948484395390018,22.855144449414066,23.101726916091636,23.49843487120922,23.972290336899732,23.5062767891323,23.81277860382321,23.434967076691986,23.285004584423444,23.107886073790354,22.863255680003906,23.192862697413652,23.108196734228965,23.152044663121796,22.65389226389339,22.149647901447626,22.143080962613134,25.550141461053258,21.313127669889667,21.631604646321726,21.510684031570097,21.496552639172805,22.478062338859626,22.137230822066332,22.219328191498487,22.14271090539555,22.140451024144653,21.630929137688742,21.20589573502494,21.25,,,,,,,,,,,,,,,,,,,,,,,,,,,,,
2012-01-20,26.200153383971163,25.95904546009605,26.14073537630597,26.163049892380446,26.9212049508936,26.456377634251346,26.16808157511428,25.947540344424095,25.687974097373992,25.602584433394533,25.44417422556141,25.556023066020014,25.30796469726962,25.05341153196663,25.02154326143458,24.94235831251485,24.6592143874283,24.45312529081501,24.18207593567723,23.93320121816064,23.804418753511996,23.826901938558613,23.287642595543783,23.28705880110961,22.954683055979213,22.86182271211005,23.106850363675193,23.504101664729045,23.97554505141511,23.511730834095626,23.81805253352887,23.440576281319434,23.28974275357131,23.112517932058907,22.86614813593609,23.195620793791157,23.100455140234278,23.13049764753917,22.50597446158182,22.02275988012417,22.169654222210724,29.53714410278586,21.33374812293567,21.6491162232151,21.5313111308077,21.513782159444997,22.47586116678355,22.152625926422452,22.254327330030247,22.15721217599036,22.1374976674136,21.6216922838432,21.211784576516646,21.249435386818725,20.85,,,,,,,,,,,,,,,,,,,,,,,,,,,,
2012-01-23,26.21440027993771,25.97806515844991,26.166287862646293,26.17776493963173,26.94167870319105,26.485303452666187,26.206908892056376,25.98439135055468,25.73032954639202,25.648893152113,25.47819089581572,25.59263834058215,25.343376091298886,25.093814605685097,25.04683161330653,24.966546676561073,24.68993068315431,24.486552729875964,24.19524070180914,23.94703053453151,23.817373498651122,23.84796630229005,23.305837696832754,23.30823658672714,22.97573589311956,22.883835421566946,23.12498738767735,23.522513188682485,23.985669922135255,23.53078803863294,23.83611225896091,23.460947354488106,23.30627847580624,23.12932236054661,22.87674671945473,23.20541800147383,23.0821689840119,23.07768748485044,22.142850529550866,21.718551945375552,22.246757097110876,39.738765481398474,21.39176686650539,21.698573763581393,21.589170954602956,21.56166217522712,22.46968060372772,22.195334359333483,22.351435911849663,22.198102523351736,22.129825382800856,21.596313116027616,21.22930724140633,21.248335113962543,20.975363360373898,21.6,,,,,,,,,,,,,,,,,,,,,,,,,,,
2012-01-24,26.217197428128294,25.981914705081564,26.171695814136296,26.17900149636967,26.945138961040843,26.49168292073127,26.21613946789231,25.99324975213655,25.740789671807683,25.660339406144026,25.48657697174024,25.601480661518508,25.351694403457643,25.10405437977451,25.052794598759434,24.97210439794503,24.6982724222238,24.496216718181824,24.199478965278324,23.95146761533428,23.821488617512827,23.85445412551955,23.311588394919834,23.314870711324062,22.98346775018861,22.891745193630996,23.131838775669824,23.529071642277174,23.989178356917876,23.537947771807104,23.842824312004723,23.468758917031828,23.31254909620174,23.13577777871729,22.880857570267455,23.209121938562337,23.078272770153298,23.06528763650949,22.054526803691775,21.647574700604174,22.27143590407526,42.3753128074258,21.40975725164875,21.71396255605171,21.607038561741195,21.57627026697597,22.467773715929546,22.20831269140148,22.380912916902577,22.21073499794524,22.12774069598782,21.58886476553345,21.235053475629577,21.24831434099675,21.014644655273308,21.623491636351876,22.05,,,,,,,,,,,,,,,,,,,,,,,,,,
2012-01-25,26.219051917022824,25.984539671773348,26.175566034033622,26.178455581613782,26.946954585402572,26.496439061880523,26.22350967031785,26.00038008078811,25.749395460371225,25.66978002245436,25.493496528037333,25.608644175330443,25.358283272177754,25.11265235555302,25.05752905036332,24.976422701840164,24.705632274208757,24.505096636730006,24.203624517731743,23.955821046504102,23.82550582475928,23.860678363456348,23.317190969520087,23.321300695600403,22.99149278086583,22.899884789658156,23.13902419627633,23.53580417039278,23.992749781701335,23.545451690303178,23.849838557254966,23.47698972669059,23.319169672582735,23.14259482211033,22.885219139253024,23.213009232400026,23.075669607075238,23.055931454109544,21.984527225023378,21.593428954227452,22.29552336158367,44.56727153002902,21.427043780289583,21.728770440769114,21.624164217397077,21.59017239612887,22.465948446917263,22.220626156961167,22.408847776835547,22.222815636782745,22.12591506089837,21.582004317408025,21.2407228406406,21.248514155072563,21.051973710521686,21.646487781294105,22.024726249142237,22.05,,,,,,,,,,,,,,,,,,,,,,,,,
2012-01-26,26.21999093981389,25.985959468073208,26.17791887565081,26.17617270263339,26.947161392113635,26.499588124160205,26.229029795245793,26.005784307018686,25.75614453559497,25.67722344991816,25.498967962661055,25.614144285897144,25.363166148904533,25.11960441906014,25.061047249755166,24.979519145609878,24.711997260718384,24.513169090992655,24.207663214369802,23.96009281150272,23.82942630159772,23.866637160221835,23.322647572840502,23.327525800676117,22.999765658798232,22.90821280852047,23.146496014766253,23.542681625744635,23.996375727115744,23.55325572497665,23.85711848888104,23.485578141592335,23.32610943192551,23.14972977855347,22.889804219115188,23.21705782186605,23.074425763896585,23.049771239885953,21.93345789132872,21.556575257110815,22.31896809610176,46.29279049060034,21.443611839509924,21.7429799582853,21.6405325331142,21.603357275227893,22.464207064652825,22.232261259198935,22.43520430412527,22.234318767588988,22.124352650906765,21.575760158965995,21.246293896092162,21.248947308385013,21.087037726591042,21.66855900271669,22.00019955327584,22.070367918040674,22.0,,,,,,,,,,,,,,,,,,,,,,,,
2012-01-27,26.220046518781253,25.986198204639745,26.178781445021272,26.172208001672306,26.945804062381757,26.501154024132486,26.232718779266044,26.009471890757037,25.76104299988889,25.682688027972226,25.50301798388708,25.618005635083566,25.366376799585435,25.12491484958936,25.06336778683533,24.981417745195703,24.71735910070056,24.520413019716877,24.211578566551186,23.964285137688712,23.833250555449364,23.872326130532517,23.327958174152265,23.33354142375756,23.00823641955873,22.916682759201787,23.15420236954132,23.54967005550528,24.00004357711944,23.5613102194569,23.864620815862654,23.494457967401775,23.333328846059736,23.157135932738957,22.894582775019014,23.221245235964876,23.074574303146306,23.046884072365657,21.901542823666915,21.53713367470105,22.34171659458757,47.54048790612677,21.459448777838183,21.756574961757277,21.656130841899454,21.615818094179176,22.462551361535844,22.243209887581635,22.45996053983682,22.245222809302224,22.12305134922555,21.570146715873168,21.251742724942417,21.24961601670644,21.119594859532047,21.689356379339667,21.977047038953046,22.090101032021643,22.05096300921274,21.75,,,,,,,,,,,,,,,,,,,,,,,
2012-01-30,26.21530525184662,25.98013967918532,26.172799870797167,26.150918913961874,26.932927047160245,26.496706943564575,26.23311786193584,26.010441727596014,25.7648229347567,25.687540418484645,25.507031304759856,25.620142102796297,25.36646777235954,25.131165035055183,25.063423947159883,24.980263516937875,24.727413391042916,24.53699803925405,24.222384512316413,23.976411415409235,23.84414094650563,23.88769228882792,23.3429809147107,23.35022741439604,23.034266783425863,22.942402943675333,23.178146632579875,23.570889579823596,24.011110194173376,23.586396089640587,23.887927480892944,23.52211567997498,23.356138408309278,23.180469381639455,22.909736537551364,23.234409567982347,23.083206741907258,23.057503279666996,21.91723227660999,21.57937498890177,22.4052174508172,48.45987368624219,21.502475774450406,21.793531108557218,21.698219878682323,21.648855249668898,22.45810911763112,22.271936618474623,22.524621336979052,22.274185957468976,22.120598573744502,21.557025510615293,21.267079531048097,21.252899583107514,21.200870853771864,21.741793475156015,21.919942086277064,22.140928714147332,22.184923049741972,21.719806797413405,22.85,,,,,,,,,,,,,,,,,,,,,,
2012-01-31,26.21224386006054,25.97598930561775,26.1681074659296,26.14097104700772,26.925937291139874,26.492332730246325,26.229844461765925,26.007507129039617,25.762549557384638,25.685470804521785,25.505828961584065,25.61787958482536,25.3635334683743,25.13011959168842,25.06126589926437,24.97774007076698,24.728773781169537,24.5407639187944,24.225594723423633,23.9803131378672,23.84757190690212,23.89220751238724,23.347663541983934,23.35528180329223,23.042936669745195,22.95087391370726,23.186187979159662,23.577886268089156,24.014736568682558,23.594844115119734,23.895750775300492,23.531408156797795,23.363906056974518,23.188433111006805,22.914932098499385,23.238919373163036,23.088591304362637,23.066974610060196,21.956532949191114,21.623972811415157,22.424603084601607,47.8918546033716,21.515300943422226,21.804532839528076,21.710665919074916,21.65844127437185,22.456804543853867,22.280165971714634,22.543041388796482,22.282559656462823,22.120194734196637,21.55379995260042,21.27175074918287,21.254321940734275,21.22240112627969,21.75557592317381,21.905685601394946,22.1542216797956,22.219493540907287,21.712402068610697,23.1108808668892,24.0,,,,,,,,,,,,,,,,,,,,,
2012-02-01,26.20853157215731,25.970848942269722,26.162161609793653,26.129761593910477,26.917739785269706,26.48660996516965,26.224964213794063,26.00301552892491,25.75858326459773,25.681662396773625,25.503463401213164,25.614240084584587,25.35925048561257,25.127579810621658,25.05809776250957,24.97423573879242,24.729160079589562,24.543630965655982,24.228563989241856,23.98415021675795,23.850899074627787,23.89639304200135,23.352167269567584,23.360045737522103,23.051485045645222,22.95917801215451,23.194141151018336,23.584752083484474,24.01827956749642,23.60321051016104,23.90347823211707,23.540592785903474,23.371624392380877,23.196389414545273,22.920128548234498,23.243449499878345,23.09503546304308,23.078976024164678,22.010376842241,21.681475794590177,22.442992824529423,46.946145694324585,21.52736115583984,21.814859011319026,21.722319439519534,21.667336348918685,22.45558747778744,22.28774909264065,22.559964783186953,22.290287729257514,22.11994706659659,21.55106781353108,21.276143005088223,21.25583288589124,21.241279629592597,21.767517167536813,21.893794751925054,22.16558741616832,22.248468207143528,21.706612726909682,23.107946447957396,23.995053444994593,24.05,,,,,,,,,,,,,,,,,,,,
2012-02-02,26.20422832253751,25.96477017455444,26.155028944489366,26.11740191354983,26.90843087566929,26.47960755267841,26.218546864772456,25.997020589907276,25.75298024720659,25.67619167386676,25.500009939632992,25.609302371695552,25.353712895612638,25.12359946347574,25.053975120886925,24.969812363610153,24.7285918274888,24.54559225548164,24.23126241736598,23.987926251750544,23.854119016204166,23.900229893960535,23.356479324868403,23.364492208661837,23.059835342342275,22.967239515012206,23.201930107621383,23.591425382758565,24.02170251570114,23.611413458880737,23.911027392901516,23.549577426898665,23.379203230614912,23.204274437063873,22.925279623599362,23.247975229297808,23.102378089313852,23.093144660197325,22.076753693615473,21.75001357117531,22.46032146796206,45.67256474599506,21.538655539665918,21.824501493162654,21.73318401119086,21.675560039283415,22.454456925156943,22.29470952842165,22.575453041654104,22.297372822734282,22.119816804743827,21.548761960950138,21.280218325448658,21.257373273509877,21.257680886544776,21.777729332764192,21.884061055694488,22.17514475973936,22.272244573653992,21.70228340788646,23.105012094012352,23.990101284230533,24.019182662837895,25.65,,,,,,,,,,,,,,,,,,,
2012-02-03,26.199391791477215,25.957804395674103,26.14677630858735,26.10400235393006,26.898105573234197,26.471395215748146,26.21066387442299,25.98957853418714,25.74579989822451,25.669136939129572,25.495543818867507,25.603145757483976,25.34701451509144,25.11823489876986,25.04895414103984,24.964532057970565,24.72709083086438,24.54664408708183,24.233662135343437,23.99164448088332,23.85722830654943,23.90370041251675,23.360587133778072,23.36859554128423,23.067914509269315,22.974986315217986,23.20948245559159,23.597847339131846,24.024970079007037,23.619374651366385,23.91831931470773,23.558274496396468,23.386556154716907,23.212027167528905,22.9303411431215,23.252472829504224,23.11045877119761,23.10911909506744,22.153664180656104,21.827729867465795,22.47652929693289,44.12063779181803,21.5491852463464,21.833454392850353,21.743265311151273,21.68313312183402,22.45341186110902,22.30107179558803,22.589569261562513,22.303819527818117,22.11976620068137,21.546816127038603,21.283941635400705,21.25888588918875,21.271787309182564,21.78633628565756,21.87625761926493,22.18303453091597,22.29131099013725,21.699217461322846,23.102078344389327,23.985137949457947,23.988460400732457,25.563406263773487,26.6,,,,,,,,,,,,,,,,,,
2012-02-06,26.182200696589668,25.932078580048625,26.115946454452207,26.058614869406167,26.86192524277506,26.440183525901194,26.178936259239492,25.959152116757615,25.715417313456054,25.639249926378056,25.47679091959882,25.57813262323192,25.3208513463736,25.094416839662326,25.02905100231805,24.944152526804725,24.71723439862317,24.544356680823768,24.238835121658532,24.002477208325814,23.865860614726838,23.911770926819745,23.371570887370048,23.378628407541857,23.089875942896015,22.99570210681012,23.230077993828324,23.615085882210284,24.03352674129589,23.641109029845698,23.937951223303003,23.581864312144408,23.40649611287467,23.23394433041341,22.944594875294616,23.265578924919573,23.137660929820328,23.16456844770999,22.42926792474576,22.098952692125728,22.51793906056182,38.24840326432937,21.5762281552911,21.856153247977147,21.768895509292424,21.70216289915352,22.450780458404523,22.31681342274664,22.62429492618114,22.319396429543602,22.11975646133742,21.542542868366688,21.292711424456986,21.262759534295135,21.302044374942085,21.80368181318497,21.86236922939272,22.197996225568023,22.324667889882697,21.695861353457538,23.09329410212832,23.970125942282756,23.897744391601005,25.30554841418342,26.262311719710855,30.05,,,,,,,,,,,,,,,,,
2012-02-07,26.17573086810099,25.922052364802695,26.10385604864504,26.042090342457957,26.84841125939272,26.42781335192049,26.165907229193298,25.94651157052156,25.702560433020718,25.626641122838805,25.468986620758944,25.567864275218376,25.310394437719015,25.084103097827843,25.020983486234876,24.93604242324103,24.712254155136968,24.541801307816105,24.2398202728266,24.00598669002629,23.86849639950103,23.913643604112938,23.374750977537815,23.38115284859457,23.096247010908403,23.001580475887117,23.236068093244874,23.620004930854275,24.035871353348252,23.647431167046992,23.943541727533955,23.588666888343678,23.412213598680722,23.240640574403134,22.948919966194048,23.269752295998412,23.147265526674072,23.18454703397215,22.53047765451109,22.19685335337689,22.52920961337918,36.02464561904648,21.583751097596377,21.862337493737698,21.77593946133539,21.707350396259187,22.4500685016138,22.32102712925422,22.63352704563964,22.323364106693496,22.11970129638561,21.541461120029233,21.29475862451705,21.26368635443686,21.308649047762568,21.807006355257514,21.860278676601222,22.200492403142725,22.329217344930047,21.6961608566949,23.090378812910433,23.965063204816047,23.868256109846545,25.220839790827277,26.151269215403303,29.764332014454084,35.5,,,,,,,,,,,,,,,,
2012-02-08,26.168959313735876,25.911376962827806,26.090960963811483,26.025027290922587,26.834302284908635,26.41457117698124,26.15177214240923,25.932726422078265,25.688452961636777,25.612840012806107,25.460516932594416,25.556752716796744,25.299206973497338,25.072705737730413,25.012288026753655,24.92736930658095,24.706475739202364,24.538368570729823,24.240411031251206,24.009447204674323,23.871006837545856,23.91509422747425,23.377674916338606,23.383242945384968,23.102060867933215,23.006866104644224,23.241539716871994,23.62444560104496,24.037922181250345,23.65320216406538,23.94856672324716,23.594841545843213,23.417370827058996,23.246960825136917,22.952981684709965,23.273797899376767,23.156933938624334,23.204811598127677,22.63379760106185,22.29613514598595,22.539167160788097,33.73124959621441,21.59054542729,21.8678390203879,21.782257821531356,21.71199837771566,22.449437904852193,22.324765000499507,22.64168397097112,22.326738067075585,22.119576875046658,21.540471275659595,21.29633979013061,21.264370911263338,21.313768463696576,21.80927739991753,21.85916578965136,22.201938236797947,22.331123757500663,21.696930175267788,23.0874748120142,23.959962192157068,23.839263196183712,25.13703407212444,26.041480608500883,29.47975411832713,34.94165063481514,37.6,,,,,,,,,,,,,,,
2012-02-09,26.16192132944557,25.900096351184445,26.077320799462868,26.007516433625142,26.8196723735919,26.400522781656125,26.13660370887485,25.9178616901357,25.67316645334493,25.59792536699368,25.451445933393693,25.54486933925213,25.28736775148644,25.060288930874265,25.003016894737016,24.918188933541675,24.69993128910974,24.534074956394235,24.240596768721726,24.012859080513735,23.873389442656713,23.916117972775904,23.380334399744967,23.384887634567132,23.107275722946795,23.011519449103385,23.246452115191083,23.628375525178168,24.039658929098497,23.658376122846217,23.952981333309737,23.60033926907382,23.421919857903266,23.252868317131178,22.95675443918529,23.2776995379473,23.16655526550253,23.225111996608618,22.737839619275412,22.395519073433196,22.547794155523118,31.4027152987872,21.596624412736976,21.872666415955244,21.787868012093565,21.71613066351138,22.448888019398865,22.32805166902446,22.648821961585437,22.32953169029862,22.11936102359378,21.539531640227565,21.297444122544693,21.264784024007607,21.31754700845434,21.810594787547636,21.858870940045414,22.202444500520908,22.33074380203306,21.698040875488186,23.084585833704207,23.95481763535682,23.8108298208805,25.054287523552354,25.933215315768848,29.197302380788308,34.3855784764851,36.933132489209406,26.5,,,,,,,,,,,,,,
2012-02-10,26.154648539460673,25.888253310990855,26.06299400217622,25.9896453053544,26.804592171018893,26.385733345143358,26.12047490293426,25.90198389867149,25.656774530823306,25.58197609933072,25.44183590955069,25.53228428490367,25.274953153059847,25.046918199311943,24.993221758346692,24.90855605192208,24.69265468444119,24.528940307638607,24.240369693130447,24.016222165949106,23.875641879594003,23.91671212254944,23.38272181605199,23.38607824539621,23.1118549266654,23.01550631980507,23.250769746654473,23.63176668215182,24.04106376230456,23.66291247157991,23.95674627284712,23.605117393756746,23.42581906062489,23.258330276487964,22.960215695179937,23.281442258132717,23.176026589784993,23.245216026053996,22.841314410247016,22.49381963291546,22.555080013960094,29.07112902214959,21.60200334078838,21.87683067360669,21.792789417315447,21.719771607486667,22.4484182555296,22.33091182266155,22.65499624040029,22.33175983773262,22.119034104669748,21.538604494672967,21.298064825024564,21.264901084405405,21.32012322448766,21.811054857663223,21.85924479605041,22.20211774439624,22.328415250608547,21.69937461624698,23.081716144733267,23.949624315895566,23.783014864738153,24.972748224346912,25.826724878638696,28.917946114973052,33.83394422420773,36.26930144794797,26.37102071605916,29.3,,,,,,,,,,,,,
2012-02-13,26.13168250183676,25.849759491157542,26.016460984443576,25.934697882043157,26.757305141138986,26.337561559844122,26.067059959463997,25.848959985969937,25.601733534222056,25.5287118527621,25.41036767568898,25.4910017497383,25.2349846669563,25.001757935137316,24.961199964037675,24.877474699794963,24.666796858177857,24.508738923143802,24.237176208452425,24.026009966288633,23.881597093443673,23.915921423906838,23.38818593016657,23.38687478933167,23.1214892633136,23.023206512547734,23.259876743997317,23.63849253662638,24.04314534792192,23.672370033077936,23.96383410343746,23.614802803088214,23.43329603693224,23.271775093538324,22.968550986134453,23.29158602555623,23.202631111494632,23.302296969671353,23.136925123930133,22.771768481289854,22.568889389860708,22.342714157296314,21.614122926371042,21.88549062782703,21.803644195075623,21.727997934670228,22.44748468113325,22.337180901927713,22.668273487842622,22.33522226541917,22.117228615042162,21.53558044622256,21.297017215784756,21.26329845641821,21.321935675882255,21.808202045068406,21.86303973187194,22.19714149924395,22.31283220604871,21.703682059346725,23.07327346870619,23.933700352787216,23.703789977286974,24.73673182166569,25.520149985168207,28.10716028272104,32.22513005428629,34.32372216781461,25.990339332096447,28.364194842305817,28.5,,,,,,,,,,,,
2012-02-14,26.12371329696911,25.83607062910065,25.999949062488746,25.916197337037985,26.74106205545487,26.320447723073375,26.04782469446997,25.829725301588297,25.581697554310708,25.509416101297766,25.399188579325042,25.476286432047818,25.220984048515714,24.98525373624112,24.94981343775224,24.86655908347606,24.65696525686227,24.50050568500021,24.235276681595114,24.029166777369372,23.88330852459096,23.91481215007005,23.389422807478592,23.386210231320323,23.1232622038142,23.02429268399454,23.261564051979345,23.639535343983287,24.043093402989005,23.67405674842807,23.96471935729512,23.616402916601345,23.434305811629752,23.27520701507823,22.97060204814613,23.294568407029395,23.21063290305537,23.319652293503896,23.22721494124315,22.855750415212597,22.57084413968992,20.271506766294806,21.616894863072403,21.887160368273573,21.806043543473496,21.729927726803247,22.44733068629041,22.338582980147923,22.671124418793354,22.33536675862203,22.116311780052758,21.53440558897665,21.295715471544725,21.262076674841893,21.32097113636687,21.806126222935337,21.86480102828523,22.194463686523317,22.305708944465753,21.704926402746725,23.07053425438399,23.928260806069638,23.67893171646492,24.6613385874542,25.422916878085484,27.8485683731518,31.71000215113729,33.698722886033245,25.867407378895674,28.059738841884144,28.17748442369482,23.3,,,,,,,,,,,
2012-02-15,26.11561233175196,25.822015304951115,25.983025446466293,25.897726434456843,26.724670776008747,26.302909720488945,26.027997894138053,25.80983275661779,25.56095530312135,25.489482445860556,25.38775501187013,25.461201414660486,25.20675371446218,24.968143481125573,24.938152207388494,24.85544956379617,24.646597018257918,24.49158096658254,24.232967922681134,24.03226684248072,23.88488037584187,23.913291293252858,23.39035994400527,23.38508413024701,23.124293372700492,23.024621752163966,23.26255700493095,23.639964476201925,24.042657290206368,23.6749828883588,23.96484240012979,23.61716537952938,23.43455224802599,23.27808940827533,22.972274797732098,23.297335755181802,23.218089844075507,23.33591933460039,23.311973730058064,22.934123872903484,22.571509289719774,18.321471759477788,21.61907345392467,21.888258013730873,21.807880459200486,21.73149595409471,22.44725474935982,22.339682812000056,22.67327220515069,22.335042309304598,22.115223736349662,21.533114265857826,21.293956143970064,21.260504387138536,21.319409331509362,21.803622267856333,21.866638823115345,22.19142224583938,22.298042411974503,21.70595346982357,23.067843650488204,23.922747160531152,23.65490693680829,24.587770205165167,25.32844820375583,27.596935504481387,31.207983090822825,33.08909771123582,25.74728261086905,27.76136023995797,27.8573906869682,23.25872859780924,23.35,,,,,,,,,,
2012-02-16,26.10738920009267,25.807629124173733,25.965741665347373,25.879353604869948,26.7081814962219,26.285009123042187,26.007654118951493,25.789357906653905,25.539592815156585,25.468990659672347,25.37611850835085,25.44580934609993,25.192355547743308,24.950500795132882,24.92626432490288,24.84419483504417,24.635736469697516,24.48200474671993,24.230259156220267,24.035307130991946,23.886311217746886,23.911368775942826,23.390993881977113,23.383502170973053,23.124576971128445,23.02419165470757,23.262851309129903,23.639777991192865,24.041833942879105,23.675139838530793,23.964197500616926,23.61708563533614,23.434031572638133,23.280413448745442,22.973565043754416,23.299880577616477,23.22494691290077,23.350973530841614,23.39050526877712,23.006264313858864,22.57091603817387,16.510212586818454,21.620686096695362,21.88880898820263,21.809186099030963,21.732730173495902,22.447256634596975,22.340505417059575,22.67476585087934,22.334272669404353,22.11396006479306,21.531692613626134,21.29175644843534,21.258584420060163,21.317353744210845,21.800765514143436,21.86846556521763,22.188098383861234,22.29005696651311,21.70670547494173,23.065209118700974,23.917154500227547,23.63174278231768,24.516125636585034,25.23688825160821,27.35283779124446,30.720383205293086,32.49671252573137,25.630393899008055,27.470280120749166,27.54196796877429,23.21768416855685,23.31819124962982,23.55,,,,,,,,,
2012-02-17,26.099049824178106,25.792946496291044,25.948148095168822,25.86114409481113,26.691641000822997,26.266806900310023,25.98686819375004,25.768377812561784,25.517698193556406,25.44802065917049,25.364328811899234,25.43017162592382,25.177849014902314,24.932400654153536,24.914197239550905,24.832842582590615,24.624429679805584,24.471820360241455,24.22716244282519,24.03828413243309,23.88759977182149,23.90905662728681,23.391321855947186,23.381472430960812,23.12411234199398,23.02300568379542,23.26244787882493,23.638978293368805,24.040622755627826,23.67452431084979,23.962784519690313,23.61616547877585,23.432746321500968,23.28217430369002,22.974471652292152,23.3021966254665,23.23115707052182,23.364708260315332,23.46221218202056,23.071640691291787,22.569102546917147,14.852918890721469,21.621762207638067,21.88884112083201,21.809993581819445,21.73365847580988,22.447336165253986,22.34107587019242,22.675653323451876,22.333083072620038,22.11251888261272,21.530130745011636,21.289137602333348,21.256324172861504,21.314902014114,21.797627795241464,21.87020400021214,22.184569083355406,22.281958063662504,21.70713472504463,23.06263865319265,23.91147795964386,23.609461107526904,24.446495657258684,25.14836343573786,27.116785814875584,30.248371541362864,31.923232919560625,25.51712552251954,27.18759863377736,27.233252672874556,23.177081411848004,23.286603842665443,23.55341274660058,23.8,,,,,,,,
2012-02-20,26.073338376963058,25.747446086103004,25.89399511662896,25.808100186594753,26.64212893785323,26.210991155552993,25.922609731801803,25.703199253211906,25.449733587904653,25.383042684388098,25.328511117852692,25.382379816790213,25.13423763901428,24.876125518424768,24.87738621833887,24.798662402951102,24.588318667762024,24.438101889401423,24.21570776870511,24.046793112048203,23.89060118669293,23.89993428460163,23.390452724215873,23.372813190133343,23.11829964427458,23.015025769803103,23.257138442936956,23.632989164665084,24.034693020269273,23.668089873421778,23.9540195816408,23.608475751791353,23.424423116706052,23.284089301169523,22.974924172044034,23.307728285790184,23.245555425739568,23.397198532113272,23.6318941083659,23.223277380334103,22.556826708150556,10.920519972315674,21.62209578932522,21.886138836189453,21.809787707680535,21.734896796036974,22.448039747214548,22.341525896048,22.675142829576014,22.32726910436868,22.107149490170418,21.52456460772255,21.27903836482504,21.247644330631815,21.306058714583642,21.787194668840826,21.87427137022058,22.17345501979803,22.258751631226914,21.706160403379645,23.055399583368036,23.893897157501378,23.54805016469025,24.25047821662737,24.901995816736328,26.46102712482082,28.935437070286202,30.32987909343424,25.202216320587585,26.39913344094699,26.364588544755154,23.059844499592856,23.195148509429334,23.562523118649484,23.782283917470565,23.5,,,,,,,
2012-02-21,26.06451981148493,25.731897846179713,25.87564309189391,25.79113273925785,26.625783253442595,26.19218009995877,25.90080874206888,25.68099889665099,25.426632835911146,25.360961855314017,25.31657024310123,25.36634850641027,25.11984397903082,24.856972327369373,24.865064760059084,24.787376731030143,24.575722424624267,24.42598530474993,24.211236595758187,24.04947226372507,23.89131082390103,23.896226035217083,23.389543034160805,23.369120953812082,23.114938368648673,23.01095631713912,23.254057376521374,23.62984758975005,24.031973645838963,23.664458078286987,23.9496447295637,23.60433891911368,23.420231113272237,23.283628917739087,22.974346035774683,23.309091617233392,23.248867201348197,23.404947979533624,23.672305690264984,23.258156910138496,22.550653149525544,9.982708455136049,21.621360305213287,21.88442199567018,21.808972992449437,21.734893015069634,22.448429272004475,22.34133959594371,22.674064554406492,22.324681652260345,22.10503016518413,21.522422520278255,21.27503513074634,21.24418840555357,21.302881944551388,21.78358140628618,21.875089968279127,22.16978931479476,22.251875407484974,21.70502355443407,23.05317597444334,23.88783744923272,23.52941116470159,24.18965062493335,24.826518180252194,26.260953248267093,28.534643058193986,29.844671859640542,25.106380241964498,26.158629284075108,26.098897893246974,23.02285544961524,23.166336811207923,23.564888142634334,23.7762040330021,23.51208034262781,23.2,,,,,,
2012-02-22,26.055559536877603,25.71620726763021,25.857215864268728,25.774607083571777,26.60956914667549,26.173363246346568,25.878943691867725,25.658701179332134,25.403471495543446,25.338804542344715,25.304698012659408,25.35035980771431,25.10560303957661,24.837756819003996,24.852792304677305,24.776216828485385,24.56293640265399,24.41352756762766,24.20648032048413,24.052063378393772,23.891874045331356,23.892219900110906,23.38832393770778,23.36505721307978,23.110902706039198,23.006227769647545,23.250361266409,23.626170021615074,24.02890032432083,23.660117258503533,23.944584984616796,23.599465917196504,23.415381857027565,23.282641058574818,22.97342445067147,23.31021358270811,23.25141661037935,23.411113953729597,23.704388463056823,23.28501954823416,22.543554615133704,9.23860351300857,21.620265647832404,21.882361536116257,21.807855145651335,21.734731778807966,22.4488964434241,22.34102734760002,22.672604396061253,22.321822638180297,22.102761961266445,21.52015041965204,21.27077886333765,21.240497784169374,21.299709581057535,21.779993832758148,21.875588438801067,22.166239726557517,22.245629468900603,21.703476873874184,23.051064389972662,23.88167028954793,23.511684575080277,24.13116870659385,24.754439620515146,26.070495019252267,28.153163224744286,29.3836937713603,25.015417017978443,25.930210486505064,25.84696987104047,22.987157274406613,23.138603484360612,23.56681207965368,23.770005940253043,23.52379718292406,23.219732724468944,23.55,,,,,
2012-02-23,26.046441445004653,25.70040158432359,25.838756892184342,25.758569361851848,26.59351295012537,26.154597956046462,25.85709099217725,25.636392193738338,25.38035008176604,25.31665152121028,25.29293341829195,25.334467626464452,25.09155978876892,24.818562072508822,24.840612685243766,24.765224327177396,24.550017118226283,24.400792148863555,24.201468020113083,24.054560066549033,23.89229047828946,23.887940548385963,23.38679682334525,23.360644401004958,23.106222849781773,23.000875546609542,23.246082274674002,23.62198494368549,24.025487218228733,23.655096083447418,23.93887376128388,23.593896648536603,23.409915741112613,23.281144840391967,22.972176626115587,23.311095394527715,23.253204509693095,23.415697474030726,23.72813812866864,23.30389521013347,22.535611048687706,8.688911942929053,21.618853344352576,21.879999717507598,21.80647905862169,21.734444381166025,22.449441438705243,22.340614557625862,22.670804103059883,22.318726186394766,22.100358213864546,21.51776227439419,21.266314792101088,21.236607300750237,21.296604204194082,21.776482776498202,21.875751307994797,22.162857894437277,22.24010585691156,21.701533224116965,23.049076019055672,23.875391115507558,23.4948605135595,24.075074119704308,24.685779299617884,25.889769820610134,27.79131890593951,28.947408665024643,24.929443377128386,25.71425158954315,25.6095901571772,22.952875230780222,23.112067191730475,23.56825730793762,23.763688093615,23.534838277297563,23.2388060939191,23.550875811206808,24.15,,,,
2012-02-24,26.037145756009114,25.684506834186692,25.820308481137406,25.743062532376918,26.577637587673255,26.135940989014056,25.83532731833288,25.61415953762224,25.357371178180813,25.294583710856184,25.28131365986901,25.31872461945688,25.07775677832077,24.7994725176123,24.828569132107777,24.754439850048396,24.537022829008023,24.387845875286544,24.196231607978113,24.056955458846343,23.89255990104593,23.883414755804452,23.384963771884248,23.355907343257194,23.10093413495194,22.994940421824822,23.241257771361425,23.61732518588876,24.021750951392043,23.649428548739685,23.932550066307073,23.587677366921213,23.403879468185597,23.279163371491375,22.97062282870527,23.311739508535656,23.254239738794375,23.418717499973464,23.743649235245393,23.314907305065574,22.526909357541545,8.331926734316198,21.617166940429904,21.877381204963594,21.804891584776147,21.734062649909703,22.450064494076344,22.34012668792069,22.668704387429813,22.315427902931198,22.097834794795165,21.515276029025028,21.26169214855698,21.23255636206986,21.293622550794595,21.77309556488056,21.87557339883343,22.159691233882434,22.235377710598417,21.699215560158322,23.047222583280277,23.868995414601407,23.47892380840567,24.02140033611857,24.620538504319352,25.71882950207436,27.449290152646665,28.53608008479644,24.848531456128676,25.511006199793446,25.38733597657873,22.920119714338696,23.086829038744412,23.56920320598289,23.757260276218116,23.544953971580277,23.256661903001692,23.551502241939236,24.13226962705582,23.75,,,
2012-02-27,26.007940231909252,25.636530622929172,25.765432375173013,25.700109219664895,26.53127461332635,26.081178606461904,25.771341170578523,25.548818102711106,25.290346394158366,25.22970288216269,25.24766852055098,25.272898477361068,25.03817846019807,24.743699558023504,24.793678133465153,24.723725659382616,24.498198628655196,24.34846053396674,24.179539375864024,24.06345796955725,23.892486155286417,23.868658090432497,23.377660187859185,23.340034841687434,23.081845315883022,22.974125692764957,23.223963011972685,23.600891330101703,24.008806344441453,23.62896763659299,23.910378102809652,23.565677251570644,23.382911376678745,23.27059841727626,22.964374123585284,23.312288875074643,23.253037539546717,23.41885531012056,23.743179375484132,23.303398686098298,22.49722906406121,8.363932058001183,21.610928859856877,21.868468232005156,21.799358807702745,21.732677739890693,22.45240526796315,22.33846804877108,22.661000277659294,22.304700349165596,22.089743271293163,21.507467777003352,21.247425129556074,21.219903469739155,21.285899650838882,21.764097758615534,21.873097682420813,22.151893077555314,22.226413921162212,21.690399421716876,23.042597090005987,23.849064782025103,23.436206771808347,23.87511573009918,24.445078009599346,25.264253327940025,26.541778517478967,27.451464558361195,24.63621850260532,24.978273119324896,24.81397207178792,22.831893365990407,23.019651110677856,23.56909370765384,23.737584761853913,23.56816755843759,23.299173609999507,23.550197524696628,24.080884444306367,23.83395599454417,23.9,,
2012-02-28,25.997662921442934,25.620516065894787,25.747426204556067,25.687091861230616,26.516283652225084,26.063510504566825,25.750705640603325,25.527796847425016,25.269004740109057,25.20878796869396,25.236964266716974,25.258253755966145,25.02571360023107,24.72590207777182,24.782599094994968,24.71415933002522,24.485521722778827,24.335406229426695,24.173782372062274,24.06536988819333,23.89216833924232,23.86345642523334,23.374638042565902,23.33429690996425,23.074577352318254,22.966373789360578,23.21743432221877,23.594748082152975,24.003992899231076,23.62116114439021,23.902106433845308,23.557447481813973,23.375187692638214,23.266986860225934,22.961860245079905,23.312031626871338,23.251310135745882,23.416169758133748,23.7286586517285,23.286060479784204,22.486503220480024,8.712426038127433,21.608621880445245,21.865317697702736,21.79743356235304,21.73224762887224,22.45334410591091,22.337935584946326,22.658089261945502,22.300980434489425,22.086950611112695,21.504848095792813,21.242740552349552,21.21569622780523,21.283863394461974,21.761609181965028,21.871710824864714,22.14997677969415,22.22522098121449,21.687017102490202,23.041411260440412,23.842158857138923,23.42356198545093,23.83129615343577,24.393170677610183,25.131660365163867,26.27798683219609,27.138591678826085,24.575382992457474,24.825999130420232,24.653823191064554,22.806050690102353,23.000265422214532,23.56817607504479,23.73104146749388,23.57330570565594,23.309008759219587,23.548438480190452,24.06488845938587,23.85518097813602,24.02091844694998,24.55,
2012-02-29,25.987054038761073,25.60452469253071,25.72962482844511,25.674772425889508,26.501537014238636,26.046225505100356,25.73054647849923,25.50731248942445,25.24834954382259,25.18836500896482,25.226563969760093,25.244002758305598,25.013665493123533,24.708652195985305,24.771863234055687,24.704989005782988,24.47308721982279,24.322525544217925,24.16800336470562,24.067138966660647,23.89170466882464,23.858173797878607,23.371330749067766,23.328394749931455,23.066954331658152,22.958323170985665,23.210625090676313,23.588359501505945,23.99897633215612,23.61295816431675,23.893501210822745,23.548894237394308,23.36722200764114,23.263065467746628,22.959187584966543,23.311567613024327,23.248993998930967,23.412284612575327,23.707854802930825,23.262878158397164,22.475558243587983,9.208884213311194,21.606288806162343,21.862169872153757,21.795560628467953,21.73189033084625,22.45436307004013,22.33745618024528,22.65506683635774,22.29725894469122,22.084155683892007,21.502279676623075,21.23820359071047,21.21159415201932,21.282146896840167,21.759428573819637,21.870111755289948,22.148449372101492,22.224905666987596,21.683526932725588,23.040426961279266,23.835114599274778,23.41164935479091,23.78994194572185,24.344421175008186,25.008128534660525,26.03279168972928,26.848988662188717,24.519301008962007,24.68589266121477,24.508559156414023,22.782063601253096,22.982420039287796,23.566911008680464,23.724607049103835,23.577185628177762,23.316651078528295,23.54603415984139,24.049685898962828,23.871948724503614,24.129081553050014,24.677484568679105,23.55
2012-03-01,25.976071773683447,25.58857536511036,25.712063634730903,25.66317476770203,26.487037171092744,26.029376759771257,25.7109419457408,25.487461658079916,25.228495800725327,25.168515781213493,25.21649407818322,25.230190647380056,25.002062192162448,24.692042445682098,24.761510164791332,24.696249256088162,24.460963825204576,24.30990544116919,24.162251283744588,24.06875545657937,23.89109582809404,23.852849624086456,23.36774454211122,23.322367542864814,23.05904243941795,22.95004673855103,23.20360393521583,23.581784497100703,23.993788034939204,23.604424649463944,23.8846349940341,23.540101879841405,23.35909888145153,23.25888129765298,22.956394753145542,23.31090675055737,23.24614586447634,23.407326474223545,23.681455454543293,23.234536093465838,22.46452282258683,9.837116727562204,21.603985293580696,21.859083851314352,21.79379863194406,21.731640876689575,22.455462750558958,22.33705562831039,22.651967493970464,22.29358037636592,22.081389579665245,21.499804319834684,21.23388748826847,21.2076640841714,21.280771835256342,21.757582256350247,21.868357077257965,22.14733292681019,22.225427703418923,21.680012422892517,23.039659109039768,23.827927798497978,23.400421971294058,23.751037461361836,24.29872353654981,24.893316487562906,25.805525430133184,26.581717299002328,24.467777138125385,24.557481710099236,24.377506468037993,22.759953327781588,22.966110722827693,23.56537988865749,23.718359262245162,23.57992385032883,23.322265477808244,23.54308355657678,24.03539040651348,23.884331642113562,24.21849627858164,24.693898877416185,23.629597171051184
